"Analysis";"Langauge Code";"Year";"Breakpoint 1";"Breakpoint 2";"alpha";"beta1";"beta2";"intercept"
"Double Breakpoint R";"eng-gb";1910;8.74685104265419;10.4342751052246;-0.995880124776914;-0.437391042407596;-0.317594041531436;17.1656900487129
